Rank,teamId,teamImageId,teamFullName,Team,teamAbbrevName,leagueId,leagueName,GM,SubOn,SubOff,GWG,SOG,SOTInBox,SOTOBox,BlkdInBox,BlkdOutBox,OFF,OffTgtOBox,OffTgtInBox,PenTaken,PenGoal,ShotDirFK,GoalDirFK,GoalInBx,GoalOBx,GoalOP,GoalHead,OfTgHd,SOTHead,GoalLF,GoalRF,ShotLF,ShotRF,PsOpHfFl,PsOnHfFl,PsAtt,PsOnHfScs,PsOpHfScs,ExpG,Goal,Ast,ExpA,BgChnc,BgChncCrtd,ChncSetPl,ChncOpnPl,Chance,1v1,1v1InBox,Scs1v1InBox,SucflDuels,Success1v1,ThrghBalls,ThrghBlCmp,Touches,DuelLs,FailTackle,SucflTkls,Int,DefTouch,SucflTklPct,Clrnce,HeadClear,Recovery,FlComA3,FlComD3,FlComM3,FlSufA3,FlSufD3,FlSufM3,Offsides,CleanSheet,CrossPunch,ErrGoal,ErrShot,Cleared,KeeperCtch,GoalCncd,GoalCnIBx,GoalCnOBx,PensWon,Saves,SvBody,SvCght,SvClct,SvDive,SvFeet,SvFTip,SvHands,SvInBox,SvOutBox,SvPrdDng,SvPrdSaf,SvReach,SvStand,SvStoop,2ndYellow,Red,Yellow,BgChncFace,Turnover,Disposs,TchsA3,TchsD3,TchsM3,TouchOpBox,PctPassFwd,PassSucPct,PsCmpM3,PsCmpA3,PsCmpD3,PsAttA3,PsAttM3,PsAttD3,AerialSucPct,Aerials,ExpGAg,BgChncGoal,Crosses,DefTouchD3,DefTouchD3,DefTouchM3,DefTouchA3,OpenPlayxG,SetPiecexG,OpenPlayxG,SetPiecexG,NonPenxG,KeyPasses,DefBlocks,xGPerShot,ShotsTotal,CrossScsPct,CrossScsPctOpnPl,PctRegainsWithin6S,RecoveriesOppositionHalf,OpponentPossessionsStartingAndEndingInTheirOwnHalf,PassesIntoBox,ConcededPassesIntoBox,PassesIntoBox,ConcededPassesIntoBox,optaTeamId,null
1,73xrv2025rnj0t3y9ayp83bec,6925,Edmonton,Edmonton,EDM,6lkj3o21cr4g7bql6tb3fk222,Canadian Premier League (Canada),28,81,81,8,104,69,35,35,29,123,55,30,1,1,13,1,24,2,14,5,36,20,8,13,63,108,1819,745,11613,5097,3952,32.70,27,19,22.51,39,30,70,137,207,409,32,17,1505,210,6,3,16803,1433,173,329,295,1264,67.1%,440,196,1489,123,79,190,65,100,179,43,8,7,3,4,10,11,33,29,4,1,87,2,5,36,42,12,0,73,53,34,18,28,6,25,14,0,2,35,48,122,311,3435,5944,7424,478,37.4%,77.9%,4685,1301,3063,1712,5833,4068,54.5%,875,38.45,16,417,885,885,317,62,17.16,15.54,17.16,15.54,31.91,189,77,0.11,291,0.25,0.18,37.0%,367.00,660,397,399,397,399,6925,
1,c2pdzdl3dgf5b0siidn2ay5ii,15377,Forge,Forge,FOR,6lkj3o21cr4g7bql6tb3fk222,Canadian Premier League (Canada),30,88,88,19,144,105,39,42,37,132,59,54,7,4,15,1,42,4,35,5,15,10,24,17,105,146,2112,702,13123,5082,5227,47.77,47,37,35.04,73,57,42,220,262,636,75,33,1588,298,13,7,19398,1765,215,367,359,1492,69.1%,509,244,1716,133,74,197,79,94,194,48,13,9,1,3,6,16,26,22,4,7,82,1,2,37,43,4,2,74,46,36,16,25,2,21,16,1,1,47,45,148,434,5004,5577,8817,688,37.0%,78.6%,5593,1982,2734,2584,6885,3654,44.7%,796,35.22,27,397,970,970,409,113,31.37,16.40,31.37,16.40,42.25,225,72,0.13,355,0.18,0.18,41.2%,507.00,625,523,408,523,408,15377,
1,cqthcpums3aas2tdy0qhlkuwa,15382,York United,York United,YRK,6lkj3o21cr4g7bql6tb3fk222,Canadian Premier League (Canada),28,78,78,9,152,102,50,61,41,158,76,52,8,5,9,1,31,6,29,5,33,23,11,20,124,128,1879,702,12936,5917,4438,43.40,39,24,28.48,55,34,58,248,306,635,67,26,1656,318,13,7,18779,1524,171,328,342,1273,66.3%,397,185,1551,117,65,178,74,95,219,59,6,12,3,5,6,20,37,27,10,8,92,6,9,30,55,13,0,73,63,29,13,40,1,14,22,1,0,42,46,132,326,4081,6140,8558,660,36.6%,80.0%,5546,1389,3420,1895,6728,4313,55.8%,844,37.91,20,538,829,829,369,75,27.02,16.38,27.02,16.38,37.09,282,93,0.11,412,0.26,0.22,33.4%,415.00,602,463,447,463,447,15382,
1,5gmx3o5y2oc0i6rowjwtu7jvu,15376,HFX Wanderers,HFX Wanderers,HFX,6lkj3o21cr4g7bql6tb3fk222,Canadian Premier League (Canada),28,69,69,6,107,73,34,38,36,137,68,31,3,3,21,0,16,3,12,2,24,10,6,10,96,113,1763,784,9899,4199,3153,31.08,21,10,19.14,38,24,64,151,215,519,34,12,1620,279,6,4,15635,1495,180,404,314,1486,69.3%,545,262,1632,103,83,198,74,96,182,52,8,20,3,5,8,14,35,29,6,3,83,1,3,31,39,9,0,72,57,26,14,35,6,21,17,0,1,50,45,96,355,3244,5829,6562,453,42.4%,74.3%,3702,1064,2586,1486,4804,3609,54.9%,778,35.53,15,409,1079,1079,344,63,17.10,13.99,17.10,13.99,28.72,205,80,0.10,318,0.24,0.15,33.2%,377.00,676,366,490,366,490,15376,
1,b3436h8h14zw7f1uv6w9vqf6y,15380,Pacific,Pacific,PAC,6lkj3o21cr4g7bql6tb3fk222,Canadian Premier League (Canada),28,81,81,8,111,67,44,30,43,128,58,48,4,2,14,3,26,9,21,10,24,19,8,17,76,119,1774,701,12470,6051,3944,35.91,35,24,26.40,47,37,34,194,228,530,42,21,1532,284,15,6,17919,1610,178,386,292,1400,66.0%,515,215,1535,100,94,207,53,98,164,56,5,6,2,2,8,16,46,40,6,4,106,4,7,50,46,6,0,96,56,50,16,33,6,27,27,3,1,44,76,116,331,3476,6784,7659,424,36.6%,80.2%,4949,1211,3835,1648,5990,4832,47.4%,819,51.85,20,426,926,926,382,92,23.69,12.22,23.69,12.22,32.76,204,85,0.12,312,0.23,0.22,33.5%,403.00,612,393,466,393,466,15380,
1,dd2vf0yzjm7jm7cak9tf11sa2,15378,Valour,Valour,VAL,6lkj3o21cr4g7bql6tb3fk222,Canadian Premier League (Canada),28,82,82,8,116,70,46,48,45,149,80,47,6,6,13,0,24,6,20,3,17,8,11,16,101,139,1903,664,10772,4296,3909,36.18,30,23,24.75,36,25,38,210,248,508,38,18,1481,266,13,5,15979,1603,164,345,270,1263,63.7%,444,194,1435,94,88,209,74,107,195,63,6,4,2,4,4,13,52,47,5,6,90,4,6,36,38,9,0,75,60,30,18,30,6,30,16,0,2,57,88,102,305,3628,5362,6989,477,39.4%,76.2%,4269,1415,2521,1889,5391,3492,41.9%,814,58.53,18,316,892,892,311,60,23.18,13.00,23.18,13.00,31.45,225,86,0.10,358,0.22,0.18,33.9%,395.00,583,461,491,461,491,15378,
1,41ewt71n8fqwy6trsqta1bjvu,15381,Cavalry,Cavalry,CAV,6lkj3o21cr4g7bql6tb3fk222,Canadian Premier League (Canada),30,84,84,19,147,109,38,54,28,161,52,56,6,4,16,2,40,8,32,6,45,17,10,31,81,163,2194,694,12461,5704,3869,60.54,51,29,39.99,93,66,84,170,257,495,39,18,1716,245,8,5,18389,1670,205,348,307,1329,64.8%,431,186,1628,131,66,235,97,135,233,58,12,13,1,0,2,14,21,18,3,6,86,3,4,39,37,3,0,80,43,43,15,28,3,23,23,1,4,54,33,104,310,4359,6363,7667,675,39.2%,76.8%,4646,1456,3471,1997,5958,4506,50.2%,948,30.09,33,584,855,855,367,107,36.80,23.74,36.80,23.74,55.81,228,67,0.16,390,0.24,0.19,42.5%,483.00,558,506,408,506,408,15381,
